company,email
Christel,churry0@istockphoto.com
Tedmund,tmoran1@jalbum.net
Josselyn,joliva2@weather.com
Jeddy,jcostellow3@comsenz.com
Mickie,mrouke4@blogtalkradio.com
Xever,xorgel5@sbwire.com
Derward,dwellstood6@oaic.gov.au
Cedric,chasell7@archive.org
Herta,hsharply8@ucsd.edu
Kellen,kmorteo9@samsung.com
Granville,gaizika@nyu.edu
Myron,mcrambb@xing.com
Felike,fhowisc@arizona.edu
Hailee,hyabsleyd@baidu.com
Vasili,vspurgee@japanpost.jp
Lolita,lcrolef@redcross.org
Bunni,bswineg@boston.com
Heddie,hstlegerh@behance.net
Elisha,efeatheri@qq.com
Fidelio,fmorstattj@furl.net
Hervey,hvanleijsk@altervista.org
Trix,tmcmurrughl@boston.com
Harry,hnorreym@bravesites.com
Aguie,amerrittn@ted.com
Christal,cbussono@istockphoto.com
Stefan,slempelp@telegraph.co.uk
Isabel,iasburyq@springer.com
Josi,jodempseyr@webmd.com
Daune,dfines@addtoany.com
Coletta,cpreecet@blinklist.com
Jeannine,jbachnicu@cocolog-nifty.com
Barton,bdeabillv@joomla.org
Desirae,drochellew@constantcontact.com
Cherlyn,cyerbyx@msn.com
Friedrich,fhearney@sakura.ne.jp
Karel,kwhitelawz@amazon.co.jp
Dolf,dstag10@ca.gov
Ansel,aklasen11@csmonitor.com
Lynnelle,laylin12@usnews.com
Gene,gfinlay13@canalblog.com
Emiline,edinnington14@hexun.com
Beniamino,blymer15@columbia.edu
Bank,bdarracott16@yandex.ru
Amie,alemmanbie17@msn.com
Cristal,cgarlick18@scientificamerican.com
Moina,mdowsing19@google.de
Maud,mkersey1a@wiley.com
Zachariah,zwilkie1b@ted.com
Colman,catkin1c@delicious.com
Hillel,hoxborough1d@about.com
Obadiah,owooller1e@wp.com
Ainslee,acrate1f@google.es
Lanette,lgreenrde1g@canalblog.com
Rebecka,rbattell1h@themeforest.net
Charmine,cash1i@salon.com
Janella,jshackle1j@godaddy.com
Humberto,hgrigolli1k@springer.com
Javier,jbogart1l@nhs.uk
Curry,cruckert1m@acquirethisname.com
Prue,pgoldsby1n@smh.com.au
Hinda,hffoulkes1o@google.nl
Neall,ntortis1p@lulu.com
Tomas,tmoorton1q@qq.com
Fabio,feliez1r@springer.com
Cassius,corry1s@123-reg.co.uk
Marie-ann,mcarlucci1t@myspace.com
Walliw,wdymond1u@github.com
Almeda,acoopey1v@foxnews.com
Kristofor,kminty1w@answers.com
Kym,kseebright1x@google.es
Eduardo,echarrette1y@macromedia.com
Artair,apercy1z@prlog.org
Schuyler,ssadler20@spiegel.de
Ardine,acowtherd21@intel.com
Lauren,lmckeon22@who.int
Millie,mmapother23@linkedin.com
Maurizia,mjakab24@quantcast.com
Sabina,shunston25@foxnews.com
Iver,ibaxstare26@tinyurl.com
Tamiko,tjehan27@ft.com
Sophia,szaniolini28@wikispaces.com
Hyacinthia,hmckag29@live.com
Kala,koflannery2a@photobucket.com
Blisse,bburle2b@state.tx.us
Faydra,fdurnford2c@spiegel.de
Grazia,gchate2d@nationalgeographic.com
Lamar,lferentz2e@tripod.com
Lura,lsheere2f@goo.ne.jp
Ramonda,rscargle2g@vistaprint.com
Merrick,mmoughtin2h@samsung.com
Conrad,cohanlon2i@sphinn.com
Tatiania,tbrewer2j@omniture.com
Lelia,ltomasicchio2k@sciencedaily.com
Dinnie,dsemper2l@apache.org
Kristina,kferrers2m@studiopress.com
Natalya,nmassimi2n@weather.com
Evonne,equiddinton2o@1688.com
Gisella,gpeebles2p@rakuten.co.jp
Jermaine,jfarney2q@163.com
Sheeree,spendre2r@icio.us
